condition,layer,projection,bits,context,blocks,scored_tokens,nll,ppl,delta_nll,delta_nll_ci_low,delta_nll_ci_high,kl,kl_ci_low,kl_ci_high
BF16,-1,none,16,2048,64,131072,2.6223619803786278,13.768205440323287,0.0,0.0,0.0,0.0,0.0,0.0
L00_WQ4,0,WQ,4,2048,64,131072,2.622238263487816,13.766502186116979,-0.00012371689081192017,-0.0007111997809261083,0.00048769693821668563,0.0012198386748423218,0.0011330948830391208,0.0013413689471917678
L00_WK4,0,WK,4,2048,64,131072,2.622112426906824,13.764769965540307,-0.00024955347180366516,-0.0008923478424549102,0.0004341581836342811,0.0011752425216400297,0.001093447295625083,0.0013077933508384375
L00_WV4,0,WV,4,2048,64,131072,2.623072050511837,13.777985303577834,0.0007100701332092285,-0.0001003120094537735,0.001503768283873796,0.0019874357149092248,0.0018157240812797682,0.002205799330704394
L01_WQ4,1,WQ,4,2048,64,131072,2.622627252712846,13.771858248791528,0.0002652723342180252,-0.00025205290876328945,0.0007914904505014419,0.0011131444589409512,0.0010007427161781378,0.0012745682887043584
L01_WK4,1,WK,4,2048,64,131072,2.622500551864505,13.770113453204049,0.00013857148587703705,-0.0004040747880935669,0.0007267781998962163,0.0010327484778827056,0.0010040650789960638,0.0010683028497624036
L01_WV4,1,WV,4,2048,64,131072,2.622543243691325,13.770701337051719,0.00018126331269741058,-0.00045772246085107327,0.000841839704662561,0.0013500490686055855,0.0012006122204638813,0.0015514969939658839
L02_WQ4,2,WQ,4,2048,64,131072,2.6229404620826244,13.776172399415243,0.0005784817039966583,0.00011823885142803192,0.0010558950714766979,0.0011149276988362544,0.0010377233523740869,0.0012403465323586715
L02_WK4,2,WK,4,2048,64,131072,2.622987151145935,13.776815611015934,0.0006251707673072815,0.00011293962597846986,0.0011696981266140938,0.0011288564001006307,0.001045238263191095,0.0012571353301837006
L02_WV4,2,WV,4,2048,64,131072,2.622287705540657,13.767182847072002,-7.427483797073364e-05,-0.0006895926780998707,0.0005828573368489736,0.0012232564240548527,0.0011222751529430751,0.001378491865170872
L03_WQ4,3,WQ,4,2048,64,131072,2.621728044003248,13.759480040037491,-0.0006339363753795624,-0.001125158742070198,-0.0001261793076992035,0.0012570958160722512,0.001068991780334727,0.0015490721647438473
L03_WK4,3,WK,4,2048,64,131072,2.622539361938834,13.77064788270125,0.00017738156020641327,-0.00025780959986150266,0.0006394299678504467,0.0012048181242789724,0.001092598566765446,0.00136217806877994
L03_WV4,3,WV,4,2048,64,131072,2.6235740929841995,13.784904174021905,0.0012121126055717468,0.000389348529279232,0.002020164672285318,0.001445224186682026,0.001381459879621616,0.0015201542296381376
L04_WQ4,4,WQ,4,2048,64,131072,2.622824002057314,13.77456811944798,0.00046202167868614197,-9.631933644413947e-05,0.0010642966255545617,0.0011515112209963263,0.001049856317627018,0.0013140367409505414
L04_WK4,4,WK,4,2048,64,131072,2.622031655162573,13.763658205960958,-0.0003303252160549164,-0.0008372459560632706,0.00017736013978719687,0.0012341363426457974,0.0010859222288218007,0.0014385329517835996
L04_WV4,4,WV,4,2048,64,131072,2.6226467303931713,13.772126495256387,0.0002847500145435333,-0.0003066845238208771,0.0008565554395318027,0.0012141684601374436,0.0011731964689715823,0.0012542353057142463
L05_WQ4,5,WQ,4,2048,64,131072,2.6227987240999937,13.77421993090372,0.00043674372136592865,-8.266810327768326e-05,0.0009726088959723711,0.001233939658050076,0.001124100322067534,0.001416772326501814
L05_WK4,5,WK,4,2048,64,131072,2.622507756575942,13.770212663255327,0.0001457761973142624,-0.00032230550423264506,0.0006192390806972979,0.0011488819400256034,0.001072637238144125,0.0012652336396513418
L05_WV4,5,WV,4,2048,64,131072,2.6230566650629044,13.77777332471925,0.0006946846842765808,9.948015213012697e-06,0.0013938796706497666,0.001388793690239254,0.0012630810304926853,0.0015524587712206993
L06_WQ4,6,WQ,4,2048,64,131072,2.6218759417533875,13.761515186671595,-0.00048603862524032593,-0.0011302619241178036,0.00014688586816191665,0.0013050607722107088,0.0012601954927504266,0.0013555360881127854
L06_WK4,6,WK,4,2048,64,131072,2.622386109083891,13.768537653302277,2.4128705263137817e-05,-0.0005531552247703076,0.0005783363245427603,0.0011181441150256433,0.0010668885107634196,0.0011812217530405178
L06_WV4,6,WV,4,2048,64,131072,2.6243747267872095,13.795945253615862,0.0020127464085817337,0.0013662988785654306,0.002745144953951238,0.0016074402119556908,0.001491458987356964,0.0017667197795617536
L07_WQ4,7,WQ,4,2048,64,131072,2.6233455948531628,13.781754709018758,0.0009836144745349884,0.00034401454031467437,0.0016443758271634567,0.0014007303570906515,0.0012520770871333297,0.0015978499352286234
L07_WK4,7,WK,4,2048,64,131072,2.6229115165770054,13.775773646910721,0.0005495361983776093,-0.00014956900849938393,0.0012687545269727705,0.0017137390404968755,0.0015550445036296879,0.0019016181329334358
L07_WV4,7,WV,4,2048,64,131072,2.62491481564939,13.803398302463762,0.0025528352707624435,0.001862794253975153,0.0033072287682443845,0.0018145390531572048,0.0016099538649086754,0.0020950949202415354
L08_WQ4,8,WQ,4,2048,64,131072,2.621734807267785,13.759573099355585,-0.0006271731108427048,-0.001114479685202241,-0.0001328802667558196,0.0012557381123770028,0.0011993711675131636,0.001325066980689371
L08_WK4,8,WK,4,2048,64,131072,2.620803266763687,13.746761467897711,-0.0015587136149406433,-0.002190840430557728,-0.0009225463494658493,0.0014484384464594768,0.0013974960154428118,0.0015029266278816066
L08_WV4,8,WV,4,2048,64,131072,2.6227970607578754,13.774197019682617,0.0004350803792476654,-0.00028342846781015396,0.0011793580837547778,0.0015241906767187174,0.001428261622459104,0.001661265768962039
L09_WQ4,9,WQ,4,2048,64,131072,2.6225541941821575,13.770852133816112,0.00019221380352973938,-0.00040059005841612815,0.0007894589565694328,0.0013092918288748479,0.001214219456687715,0.0014568690428404807
L09_WK4,9,WK,4,2048,64,131072,2.620931062847376,13.748518362436442,-0.0014309175312519073,-0.002186786849051714,-0.000726768933236599,0.0018858432267734315,0.001665643531623573,0.0021732428418999917
L09_WV4,9,WV,4,2048,64,131072,2.6242380179464817,13.79405935484595,0.0018760375678539276,0.0011824649758636952,0.0025420258753001686,0.0016253899375442415,0.0015244024149978941,0.0017710781152800337
L10_WQ4,10,WQ,4,2048,64,131072,2.6207920517772436,13.74660729901871,-0.001569928601384163,-0.0022201822604984043,-0.0009164717514067904,0.0012618029859368107,0.0011787648433710274,0.0013914289858576012
L10_WK4,10,WK,4,2048,64,131072,2.622954970225692,13.77637226754519,0.0005929898470640182,-0.00010017924942076204,0.001308913296088576,0.0017587405964150093,0.0016253688354026963,0.0019210830798783716
L10_WV4,10,WV,4,2048,64,131072,2.622932180762291,13.77605831499102,0.0005702003836631775,-0.000264364667236805,0.0014460560865700244,0.0017571023181517376,0.0016262279424609006,0.0019482049658563483
L11_WQ4,11,WQ,4,2048,64,131072,2.6233084071427584,13.781242206645228,0.0009464267641305923,0.000345447426661849,0.0015821664128452537,0.0013392559449130204,0.0012398336425576417,0.0014945727041322243
L11_WK4,11,WK,4,2048,64,131072,2.6208689622581005,13.747664597854389,-0.0014930181205272675,-0.0020594483241438864,-0.0009344886057078843,0.0013628854721901007,0.0012852242944063619,0.0014719013393914792
L11_WV4,11,WV,4,2048,64,131072,2.6256131418049335,13.81304094299594,0.003251161426305771,0.0026172672398388384,0.003939581383019686,0.0014821382155787433,0.0014110042935044475,0.0015633536434506822
L12_WQ4,12,WQ,4,2048,64,131072,2.6256317906081676,13.813298542080501,0.003269810229539871,0.0026769616641104223,0.003916499856859446,0.0011877705646838876,0.001140332616159867,0.0012488006692819907
L12_WK4,12,WK,4,2048,64,131072,2.621820529922843,13.760752657050812,-0.0005414504557847977,-0.0010836408939212561,8.817389607429029e-06,0.0012086269261999405,0.0011685795823950685,0.001254512676041486
L12_WV4,12,WV,4,2048,64,131072,2.6223221868276596,13.767657565439372,-3.9793550968170166e-05,-0.000773653294891119,0.0006556433625519272,0.00207361948559992,0.001927690537286253,0.0022710917444328516
L13_WQ4,13,WQ,4,2048,64,131072,2.624402679502964,13.796330893141912,0.0020406991243362427,0.001344239991158247,0.0027428577654063694,0.0014737308592884801,0.0013816930279517692,0.001612352952633955
L13_WK4,13,WK,4,2048,64,131072,2.62181237898767,13.760640494505086,-0.0005496013909578323,-0.0011129131540656089,1.875641755759698e-05,0.0015624108236806933,0.0014888159957990865,0.0016486795249875286
L13_WV4,13,WV,4,2048,64,131072,2.6246723793447018,13.800052263204256,0.00231039896607399,0.0016949307173490524,0.0029238171875476835,0.0014359840079123387,0.0013899433502501779,0.0014834019035788514
L14_WQ4,14,WQ,4,2048,64,131072,2.6241948567330837,13.793463999354737,0.0018328763544559479,0.0010104460641741752,0.0026994372718036172,0.001481217608670704,0.0014214319187431101,0.0015501654447234614
L14_WK4,14,WK,4,2048,64,131072,2.620669247582555,13.744919261630807,-0.00169273279607296,-0.0023002885282039642,-0.001015309942886234,0.0014075964063522406,0.0013634278003792134,0.0014506039440220775
L14_WV4,14,WV,4,2048,64,131072,2.6238426361232996,13.788606512557546,0.0014806557446718216,0.0005490408279001713,0.002456943318247795,0.0018543595360824838,0.001788507322953592,0.0019219927327867481
L15_WQ4,15,WQ,4,2048,64,131072,2.618506897240877,13.715230041584945,-0.0038550831377506256,-0.0045466840267181395,-0.0031341645866632467,0.0014973028901295038,0.00144034587610804,0.0015745983271244768
L15_WK4,15,WK,4,2048,64,131072,2.620371090248227,13.74082172402901,-0.0019908901304006577,-0.002743111504241824,-0.0011692089959979065,0.0015303425752790645,0.001467541964530028,0.0016093322237338726
L15_WV4,15,WV,4,2048,64,131072,2.624548541381955,13.798343398659519,0.0021865610033273697,0.0010964412707835437,0.0034020993858575803,0.0019001854179805377,0.0018363376576871816,0.0019665863850150344
L16_WQ4,16,WQ,4,2048,64,131072,2.6234197542071342,13.782776792942645,0.0010577738285064697,0.00037377411499619486,0.0017758918926119801,0.0012909576198580908,0.001253084704876528,0.0013292377094785478
L16_WK4,16,WK,4,2048,64,131072,2.622712191194296,13.773028059198182,0.0003502108156681061,-0.0003038437105715275,0.0009470438584685307,0.0011909992344953935,0.0011579514283084791,0.0012229603437390322
L16_WV4,16,WV,4,2048,64,131072,2.620053131133318,13.736453399026692,-0.0023088492453098297,-0.0032285952940583227,-0.0013591641560196882,0.0015263590812537586,0.0014804942981754721,0.0015743463148737646
L17_WQ4,17,WQ,4,2048,64,131072,2.6238900888711214,13.789260835349786,0.0015281084924936295,0.0009450680576264858,0.002088671643286943,0.001382363383527263,0.0013402964068973233,0.0014266495945321367
L17_WK4,17,WK,4,2048,64,131072,2.6227712836116552,13.773841964768145,0.0004093032330274582,-0.00023009413853287695,0.0010448640678077934,0.0011598942865020945,0.0011309407495218692,0.0011894375667225177
L17_WV4,17,WV,4,2048,64,131072,2.617374464869499,13.699707262012872,-0.0049875155091285706,-0.0057940294966101645,-0.004255108907818795,0.0016351734320778633,0.0015799452412466053,0.0016930908865560924
L18_WQ4,18,WQ,4,2048,64,131072,2.6196303255856037,13.730646777945969,-0.002731654793024063,-0.003367763850837946,-0.002134864404797554,0.0015185429947450757,0.0014755102758499561,0.0015601202883317455
L18_WK4,18,WK,4,2048,64,131072,2.6202436331659555,13.73907047059125,-0.0021183472126722336,-0.0028081562370061873,-0.001449121208861471,0.0014173036088322988,0.0013782079803604575,0.001456021263720686
L18_WV4,18,WV,4,2048,64,131072,2.6244325544685125,13.796743064208808,0.002070574089884758,0.001382910320535302,0.0027967730071395626,0.0016165929337148555,0.001571138523195259,0.001662249258652082
L19_WQ4,19,WQ,4,2048,64,131072,2.622694730758667,13.772787578227797,0.0003327503800392151,-0.00026855692267417907,0.0009786585345864295,0.0015777883563714568,0.001516375807022996,0.001642213112927493
L19_WK4,19,WK,4,2048,64,131072,2.620990101248026,13.749330076932795,-0.001371879130601883,-0.001920998003333807,-0.0008199471980333328,0.0014348199038067833,0.001396066678853458,0.001473047727768062
L19_WV4,19,WV,4,2048,64,131072,2.6305347476154566,13.881190851493113,0.008172767236828804,0.007323271967470646,0.009143611416220665,0.0017770079193724087,0.0017242039031316382,0.0018309835333639058
L20_WQ4,20,WQ,4,2048,64,131072,2.623976495116949,13.790452365088372,0.0016145147383213043,0.0009153974242508411,0.0022627050988376137,0.0015038842902868055,0.0014579100339233264,0.0015540821113972925
L20_WK4,20,WK,4,2048,64,131072,2.621907079592347,13.761943697186728,-0.000454900786280632,-0.0008739307057112455,-3.774953074753293e-05,0.0013749760619248264,0.001342378366007324,0.0014076240616304858
L20_WV4,20,WV,4,2048,64,131072,2.627705790102482,13.841977045592492,0.005343809723854065,0.0046342783607542515,0.0060970686376094815,0.0016570763109484687,0.0016163360188329533,0.0017033593598625885
L21_WQ4,21,WQ,4,2048,64,131072,2.632322618737817,13.906030830484314,0.009960638359189034,0.008748081140220165,0.011223042011260986,0.001739454826747533,0.0016775296586274634,0.0018049602523660725
L21_WK4,21,WK,4,2048,64,131072,2.6245826426893473,13.798813948232391,0.00222066231071949,0.0011418992653489113,0.003306488133966921,0.0017155188015749445,0.0016556114554077794,0.0017768514250292354
L21_WV4,21,WV,4,2048,64,131072,2.623762434348464,13.787500686187942,0.001400453969836235,0.000371669651940465,0.0024211798328906296,0.002217090031990665,0.0021252082774026347,0.002333667554830754
L22_WQ4,22,WQ,4,2048,64,131072,2.622977577149868,13.776683712468857,0.0006155967712402344,-3.5373494029045074e-06,0.0012408578768372536,0.0015714993951405631,0.0015225095391997456,0.0016245337124473735
L22_WK4,22,WK,4,2048,64,131072,2.6241701804101467,13.793123631582198,0.0018082000315189362,0.0010486977174878121,0.0025503649376332756,0.0014826874794380274,0.0014337831153170555,0.0015363133841219678
L22_WV4,22,WV,4,2048,64,131072,2.634875001385808,13.941569677352895,0.012513021007180214,0.01138117080554366,0.013568499637767671,0.0019519187171681551,0.0019055356558965286,0.001997462896088109
L23_WQ4,23,WQ,4,2048,64,131072,2.622540581971407,13.770664683350462,0.00017860159277915955,-0.00022568469867110253,0.0005859975703060625,0.0012148743508078041,0.0011835287057010645,0.001246014008665952
L23_WK4,23,WK,4,2048,64,131072,2.623954428359866,13.790148057883517,0.0015924479812383652,0.0010965188033878804,0.002114403899759054,0.0013459269739541924,0.0013014465509968431,0.0013909377704749203
L23_WV4,23,WV,4,2048,64,131072,2.6203296314924955,13.740252058466497,-0.0020323488861322403,-0.0027385346125811338,-0.0013469218742102388,0.002010125901506399,0.0019401327473133278,0.0020805924809337737
L24_WQ4,24,WQ,4,2048,64,131072,2.623703710734844,13.78669105809724,0.0013417303562164307,0.0008565297350287438,0.0018259585835039612,0.001449350182156195,0.0014066053472106433,0.0014925608772955457
L24_WK4,24,WK,4,2048,64,131072,2.6205431148409843,13.743185686614257,-0.0018188655376434326,-0.00221745939925313,-0.0014377144165337087,0.001310482030021376,0.0012706799929674162,0.0013512834204902902
L24_WV4,24,WV,4,2048,64,131072,2.6181339379400015,13.710115772743636,-0.004228042438626289,-0.0050213424488902095,-0.0034208883531391624,0.0020759443468705285,0.0019985161410659203,0.0021570264926140227
L25_WQ4,25,WQ,4,2048,64,131072,2.6214378010481596,13.755487027390116,-0.0009241793304681778,-0.0014441270381212235,-0.0004160428885370493,0.0010743038492364576,0.001046191906493732,0.0011059280276640492
L25_WK4,25,WK,4,2048,64,131072,2.623022759333253,13.777306187181066,0.0006607789546251297,0.0002255978062748909,0.0011028673965483903,0.0011389757573851966,0.0011061852748980527,0.0011720738955773413
L25_WV4,25,WV,4,2048,64,131072,2.6219585854560137,13.76265253623711,-0.0004033949226140976,-0.0008735777344554662,5.877357907593222e-05,0.0011033896798835485,0.001075570155285277,0.0011322786717300915
L26_WQ4,26,WQ,4,2048,64,131072,2.6229822617024183,13.776748250218843,0.0006202813237905502,0.000243057357147336,0.0009947137441486118,0.0009069923371498589,0.0008882305731276574,0.0009251007085367746
L26_WK4,26,WK,4,2048,64,131072,2.62338680960238,13.782322732288248,0.0010248292237520218,0.0006089293397963047,0.0014581308234482998,0.0009669160590419779,0.0009433917961132465,0.0009923204361257376
L26_WV4,26,WV,4,2048,64,131072,2.6225293688476086,13.7705102720483,0.00016738846898078918,-0.0002556301653385162,0.0005869477987289422,0.0011652488756226376,0.0011210343868469862,0.0012157945422359262
L27_WQ4,27,WQ,4,2048,64,131072,2.622540257871151,13.770660220275238,0.00017827749252319336,-0.00021215900778770447,0.0005597014911472794,0.0009470239820075221,0.000928038924575958,0.0009658736436676918
L27_WK4,27,WK,4,2048,64,131072,2.6223588716238737,13.7681626384157,-3.1087547540664673e-06,-0.00037785791791975496,0.0003584385849535464,0.000971542130173475,0.0009450625552744896,0.0010013902352056902
L27_WV4,27,WV,4,2048,64,131072,2.6197994872927666,13.732969674062375,-0.002562493085861206,-0.0030916268937289716,-0.0020377967506647115,0.0010449698183947476,0.0010238908655310296,0.0010643992750146935
L28_WQ4,28,WQ,4,2048,64,131072,2.620827581733465,13.747095724051048,-0.0015343986451625824,-0.001995438989251852,-0.0010587272234261035,0.0009958294112948352,0.000975110413423863,0.0010150785260520934
L28_WK4,28,WK,4,2048,64,131072,2.620196681469679,13.73842541307078,-0.0021652989089488983,-0.002770866174250841,-0.0015533108264207843,0.0014709430779475952,0.0014111096309079585,0.0015235074733936926
L28_WV4,28,WV,4,2048,64,131072,2.6283352952450514,13.850693384528274,0.005973314866423607,0.005375950178131461,0.006544842617586254,0.001112286538045737,0.0010876729125584462,0.0011362206410694853
L29_WQ4,29,WQ,4,2048,64,131072,2.6230615843087435,13.777841101140055,0.0006996039301156998,0.00032526073046028613,0.0011124666780233383,0.0008042852450671489,0.0007893415525359159,0.0008191570336066433
L29_WK4,29,WK,4,2048,64,131072,2.6231043469160795,13.77843029014654,0.0007423665374517441,0.0003677734173834324,0.0011393602006137368,0.0008916034848880372,0.0008644220812584535,0.0009207240408159123
L29_WV4,29,WV,4,2048,64,131072,2.6209139600396156,13.748283226180652,-0.001448020339012146,-0.0018375974148511886,-0.0010395360179245475,0.0009157055737887276,0.0008933185291880363,0.0009388028270450377
L30_WQ4,30,WQ,4,2048,64,131072,2.6192880775779486,13.72594829551139,-0.003073902800679207,-0.0034777936059981586,-0.0026632585097104314,0.000843428097141441,0.000824943927818822,0.0008614874479235368
L30_WK4,30,WK,4,2048,64,131072,2.620600586757064,13.743975556526154,-0.0017613936215639114,-0.0022236664313822984,-0.0013199205044656997,0.0010434639434606652,0.0010153886126772703,0.0010706814097602546
L30_WV4,30,WV,4,2048,64,131072,2.626485627144575,13.825097877699115,0.004123646765947342,0.0035880205221474172,0.004652497544884681,0.0010594346003927058,0.0010335596045024432,0.0010851208392750778
L31_WQ4,31,WQ,4,2048,64,131072,2.6238812506198883,13.789138962936775,0.0015192702412605286,0.0011474862694740295,0.0018889006227254866,0.0009198435081998468,0.0008884910567076076,0.000954181211636751
L31_WK4,31,WK,4,2048,64,131072,2.6200279109179974,13.736106967082788,-0.002334069460630417,-0.0028515294194221496,-0.0018296939320862295,0.0015654120870749466,0.001489686236709531,0.0016489492052187416
L31_WV4,31,WV,4,2048,64,131072,2.6225156486034393,13.770321338581143,0.00015366822481155396,-0.00022605480626225471,0.0005073959939181801,0.0008842875095069758,0.0008653426172713808,0.0009039920820896441
L32_WQ4,32,WQ,4,2048,64,131072,2.622168827801943,13.765546332781163,-0.00019315257668495178,-0.0009490189142525197,0.0005099015310406678,0.0007981825383467367,0.0007797300683705544,0.0008164138090705819
L32_WK4,32,WK,4,2048,64,131072,2.6390947438776493,14.000523809472382,0.01673276349902153,0.014925144985318184,0.018763317354023454,0.0012117198493797332,0.001167470622658584,0.0012614841416962008
L32_WV4,32,WV,4,2048,64,131072,2.620935073122382,13.748573497886559,-0.001426907256245613,-0.0019227436743676663,-0.0009283677674829964,0.0008359240136996959,0.0008208422543930282,0.0008497800408122202
L33_WQ4,33,WQ,4,2048,64,131072,2.6227524261921644,13.773582228101205,0.000390445813536644,-9.114993736147879e-05,0.0008552234619855877,0.0010652827068042825,0.0010270479135897404,0.0011041582260531869
L33_WK4,33,WK,4,2048,64,131072,2.6240848414599895,13.791946591116504,0.0017228610813617706,0.0012122791260480881,0.0022641656920313834,0.0013104950749038835,0.001264990205822869,0.001361917838539739
L33_WV4,33,WV,4,2048,64,131072,2.6238200459629297,13.788295029243393,0.0014580655843019485,0.0009715078398585319,0.0019654283300042153,0.0008983059706224594,0.0008811688335072177,0.0009162086648984768
L34_WQ4,34,WQ,4,2048,64,131072,2.6306407153606415,13.882661887927958,0.008278734982013702,0.006976678315550089,0.009571990277618169,0.0009699940519567463,0.0009419499412160803,0.0009974161829404693
L34_WK4,34,WK,4,2048,64,131072,2.620175989344716,13.738141138796472,-0.002185991033911705,-0.0030435016844421623,-0.001333207450807095,0.0012177965982118621,0.0011762189986256999,0.001259752320811458
L34_WV4,34,WV,4,2048,64,131072,2.623083943501115,13.778149165983724,0.0007219631224870682,0.00011158613488078118,0.0013729866128414868,0.0010699413578549866,0.0010472384340573626,0.001091024781590022
L35_WQ4,35,WQ,4,2048,64,131072,2.627453997731209,13.838492180118758,0.005092017352581024,0.00459455642849207,0.005626432970166206,0.0006504753710032674,0.0006385209958352789,0.0006631285694538746
L35_WK4,35,WK,4,2048,64,131072,2.6241278126835823,13.792539260671028,0.0017658323049545288,0.0013199981302022934,0.0022067517973482606,0.0005955719793746539,0.0005850916027270614,0.0006057380615516195
L35_WV4,35,WV,4,2048,64,131072,2.616775292903185,13.691501240129396,-0.005586687475442886,-0.006156100332736969,-0.004998582229018211,0.001012005776829028,0.000991704863963605,0.001031958226826646
