layer,contrast,metric,mean,ci_low,ci_high
0,WQ - WK,delta_nll,0.000125836580991745,-0.0005570084322243929,0.000806800927966832
0,WQ - WK,kl,4.4596153202292044e-05,-5.626474035125284e-06,9.498505564806677e-05
0,WQ - WV,delta_nll,-0.0008337870240211487,-0.001626037759706378,-3.302581608295542e-05
0,WQ - WV,kl,-0.000767597040066903,-0.0009345255405378339,-0.0006338007814974845
0,WK - WV,delta_nll,-0.0009596236050128937,-0.0017065202817320823,-0.0002624680288136006
0,WK - WV,kl,-0.000812193193269195,-0.0009933747917330038,-0.0006826981301855995
1,WQ - WK,delta_nll,0.00012670084834098816,-0.0003648260608315468,0.0006174458190798756
1,WQ - WK,kl,8.039598105824552e-05,-2.1645384163093694e-05,0.0002258467097590255
1,WQ - WV,delta_nll,8.400902152061462e-05,-0.0006141224876046181,0.0007992524653673171
1,WQ - WV,kl,-0.00023690460966463434,-0.00031924244115089095,-0.00017134216809608916
1,WK - WV,delta_nll,-4.2691826820373535e-05,-0.0006305117160081864,0.0005212593823671332
1,WK - WV,kl,-0.00031730059072287986,-0.0005019498479214235,-0.000180216618355189
2,WQ - WK,delta_nll,-4.668906331062317e-05,-0.0006587690673768521,0.0005276268348097799
2,WQ - WK,kl,-1.3928701264376286e-05,-4.5138302084524184e-05,1.840690874814753e-05
2,WQ - WV,delta_nll,0.000652756541967392,-4.220139235258102e-05,0.0013177316635847075
2,WQ - WV,kl,-0.00010832872521859827,-0.00015218070209357392,-6.868501079679848e-05
2,WK - WV,delta_nll,0.0006994456052780151,7.199803367257118e-05,0.001357594970613717
2,WK - WV,kl,-9.440002395422198e-05,-0.00014182642353262055,-5.199783076932365e-05
3,WQ - WK,delta_nll,-0.0008113179355859756,-0.0013261680956929921,-0.0002503411378711464
3,WQ - WK,kl,5.227769179327879e-05,-4.665155986458558e-05,0.00021504861522316776
3,WQ - WV,delta_nll,-0.0018460489809513092,-0.0026750802993774415,-0.0009408752433955671
3,WQ - WV,kl,-0.00018812837060977472,-0.00037775745493036085,0.00010581508947780042
3,WK - WV,delta_nll,-0.0010347310453653336,-0.0018456333316862583,-0.00016163238324224988
3,WK - WV,kl,-0.0002404060624030535,-0.0003758376768018934,-6.818215410930878e-05
4,WQ - WK,delta_nll,0.0007923468947410583,0.0002417314797639847,0.001312230061739683
4,WQ - WK,kl,-8.262512164947111e-05,-0.00020768447893715347,2.921020950452615e-06
4,WQ - WV,delta_nll,0.00017727166414260864,-0.0005307724699378013,0.0009500298649072629
4,WQ - WV,kl,-6.265723914111732e-05,-0.00015194700049505627,8.240327620114826e-05
4,WK - WV,delta_nll,-0.0006150752305984497,-0.0012722503393888473,1.8921028822659998e-05
4,WK - WV,kl,1.9967882508353796e-05,-0.00011332790095366362,0.0002080542720023003
5,WQ - WK,delta_nll,0.00029096752405166626,-0.0003414284437894821,0.0009391898289322846
5,WQ - WK,kl,8.50577180244727e-05,-6.98778681908152e-05,0.0002736081064313112
5,WQ - WV,delta_nll,-0.00025794096291065216,-0.0010336598381400109,0.0005308245774358503
5,WQ - WV,kl,-0.00015485403218917781,-0.0002865147502461696,-5.0405830575073226e-05
5,WK - WV,delta_nll,-0.0005489084869623184,-0.0012895209714770318,0.00019202097319066488
5,WK - WV,kl,-0.00023991175021365052,-0.0003518265530146891,-0.00016037646303175286
6,WQ - WK,delta_nll,-0.0005101673305034637,-0.0012081350199878217,0.0002165294252336022
6,WQ - WK,kl,0.00018691665718506556,0.00012577880122535134,0.00023362733059002492
6,WQ - WV,delta_nll,-0.0024987850338220596,-0.003406964708119631,-0.0016649133525788787
6,WQ - WV,kl,-0.00030237943974498194,-0.0004581665195928508,-0.00019633279985100676
6,WK - WV,delta_nll,-0.001988617703318596,-0.002837142255157232,-0.0012011487502604724
6,WK - WV,kl,-0.0004892960969300475,-0.0006362628921579017,-0.0003707523227149068
7,WQ - WK,delta_nll,0.00043407827615737915,-0.00029939515516161916,0.001159867737442255
7,WQ - WK,kl,-0.000313008683406224,-0.0004584152595953128,-0.00017592082369901629
7,WQ - WV,delta_nll,-0.0015692207962274551,-0.002396977785974741,-0.0008223836310207848
7,WQ - WV,kl,-0.00041380869606655324,-0.0005098807568856501,-0.00033577408735254723
7,WK - WV,delta_nll,-0.0020032990723848343,-0.0028958031442016365,-0.001075427327305079
7,WK - WV,kl,-0.00010080001266032923,-0.00030281019085123264,7.40830335416829e-05
8,WQ - WK,delta_nll,0.0009315405040979385,0.00017698113806545733,0.0017291650176048268
8,WQ - WK,kl,-0.000192700334082474,-0.0002458638149164472,-0.0001335203387043294
8,WQ - WV,delta_nll,-0.0010622534900903702,-0.0018130934331566095,-0.0003521874547004711
8,WQ - WV,kl,-0.0002684525643417146,-0.00038692121875101294,-0.0001783865749985125
8,WK - WV,delta_nll,-0.0019937939941883087,-0.0029903312213718893,-0.0010820375755429268
8,WK - WV,kl,-7.57522302592406e-05,-0.00020160625026619528,1.1160253689013168e-05
9,WQ - WK,delta_nll,0.0016231313347816467,0.0009100471623241901,0.0024017403833568097
9,WQ - WK,kl,-0.0005765513978985837,-0.0008171684205990459,-0.0004009464492810367
9,WQ - WV,delta_nll,-0.0016838237643241882,-0.002596962172538042,-0.0007695335894823079
9,WQ - WV,kl,-0.0003160981086693937,-0.0004881108809058787,-0.0001499368064742159
9,WK - WV,delta_nll,-0.003306955099105835,-0.004333298094570637,-0.0023215776309371
9,WK - WV,kl,0.00026045328922919,9.929303646458721e-05,0.0004688220858497515
10,WQ - WK,delta_nll,-0.002162918448448181,-0.00312447939068079,-0.0011297828517854234
10,WQ - WK,kl,-0.0004969376104781986,-0.0005795011928057647,-0.0004291228998681618
10,WQ - WV,delta_nll,-0.0021401289850473404,-0.003175209555774927,-0.0011286198161542423
10,WQ - WV,kl,-0.0004952993322149268,-0.0006690480203360494,-0.0003325873867197515
10,WK - WV,delta_nll,2.278946340084076e-05,-0.0011335170362144708,0.0011765562463551755
10,WK - WV,kl,1.6382782632717863e-06,-0.00013367364190344233,0.00014670334626316615
11,WQ - WK,delta_nll,0.00243944488465786,0.001668774848803878,0.0032425354234874235
11,WQ - WK,kl,-2.3629527277080342e-05,-7.101046271600353e-05,3.323707719573576e-05
11,WQ - WV,delta_nll,-0.0023047346621751785,-0.0031224249862134455,-0.001532608922570944
11,WQ - WV,kl,-0.0001428822706657229,-0.00021970940224491642,-4.1083384940066116e-05
11,WK - WV,delta_nll,-0.004744179546833038,-0.005719888024032116,-0.003834376949816944
11,WK - WV,kl,-0.00011925274338864256,-0.00018031448139481653,-5.55259621705773e-05
12,WQ - WK,delta_nll,0.003811260685324669,0.003093249583616853,0.004566183360293507
12,WQ - WK,kl,-2.0856361516052857e-05,-7.005188697348786e-05,4.2261187877556897e-05
12,WQ - WV,delta_nll,0.0033096037805080414,0.0024494292214512826,0.004159775655716657
12,WQ - WV,kl,-0.0008858489209160325,-0.0010689094785902853,-0.0007553510943807851
12,WK - WV,delta_nll,-0.0005016569048166275,-0.0013468509074300527,0.0003204318694770328
12,WK - WV,kl,-0.0008649925593999797,-0.0010458116034897103,-0.0007339436675465552
13,WQ - WK,delta_nll,0.002590300515294075,0.0018777701538056136,0.0033598337788134803
13,WQ - WK,kl,-8.867996439221315e-05,-0.00016797060379758477,6.410968717318603e-06
13,WQ - WV,delta_nll,-0.0002696998417377472,-0.0010510299354791642,0.00048442324623465527
13,WQ - WV,kl,3.774685137614142e-05,-4.263933997208369e-05,0.00017368255839755875
13,WK - WV,delta_nll,-0.002860000357031822,-0.0035516292322427035,-0.0021785588469356303
13,WK - WV,kl,0.00012642681576835457,6.411544263755787e-05,0.00020451827417673478
14,WQ - WK,delta_nll,0.0035256091505289078,0.002591879153624177,0.004447334073483944
14,WQ - WK,kl,7.362120231846347e-05,2.228072125944891e-05,0.00013825154542246307
14,WQ - WV,delta_nll,0.0003522206097841263,-0.0006748422514647245,0.0013717398978769777
14,WQ - WV,kl,-0.00037314192741177976,-0.0004308214960019541,-0.0003079733050526557
14,WK - WV,delta_nll,-0.0031733885407447815,-0.0042552734725177285,-0.0021126539446413525
14,WK - WV,kl,-0.00044676312973024324,-0.0004908723488824762,-0.00040492470598110233
15,WQ - WK,delta_nll,-0.001864193007349968,-0.0028869522735476493,-0.0009026844054460549
15,WQ - WK,kl,-3.303968514956068e-05,-0.00012045340795339144,6.518521718135155e-05
15,WQ - WV,delta_nll,-0.006041644141077995,-0.0073957415763288735,-0.0047644375357776885
15,WQ - WV,kl,-0.00040288252785103396,-0.00046731871966585457,-0.0003194083526523173
15,WK - WV,delta_nll,-0.004177451133728027,-0.005496772658079863,-0.002829611580818892
15,WK - WV,kl,-0.0003698428427014733,-0.00042075491228388273,-0.00031285265413316665
16,WQ - WK,delta_nll,0.0007075630128383636,-0.00016342289745807648,0.0016597338020801543
16,WQ - WK,kl,9.99583853626973e-05,7.787343527070334e-05,0.00012612720329343574
16,WQ - WV,delta_nll,0.0033666230738162994,0.002308060321956873,0.004461165145039557
16,WQ - WV,kl,-0.00023540146139566787,-0.00026362332941971546,-0.00020565254635585006
16,WK - WV,delta_nll,0.002659060060977936,0.001605702005326748,0.003714708890765905
16,WK - WV,kl,-0.00033535984675836517,-0.00036024209703100496,-0.0003103803613157652
17,WQ - WK,delta_nll,0.0011188052594661713,0.0003454307094216347,0.0018857935443520539
17,WQ - WK,kl,0.0002224690970251686,0.00019770380474710693,0.00024823735125210065
17,WQ - WV,delta_nll,0.0065156240016222,0.0056275583803653715,0.007447631703689694
17,WQ - WV,kl,-0.0002528100485506002,-0.00029441179462992296,-0.00021456702402247176
17,WK - WV,delta_nll,0.005396818742156029,0.004571610689163208,0.006282873684540389
17,WK - WV,kl,-0.0004752791455757688,-0.000518013656187577,-0.0004394280103952042
18,WQ - WK,delta_nll,-0.0006133075803518295,-0.001322897942736745,7.079839706420885e-05
18,WQ - WK,kl,0.00010123938591277692,7.135378637030953e-05,0.0001310364487380866
18,WQ - WV,delta_nll,-0.004802228882908821,-0.005757293291389942,-0.003936453443020582
18,WQ - WV,kl,-9.804993896977976e-05,-0.00012698258519776572,-7.10279301074479e-05
18,WK - WV,delta_nll,-0.004188921302556992,-0.005209961533546447,-0.0032024132087826733
18,WK - WV,kl,-0.00019928932488255668,-0.00022865491646371084,-0.0001707894405171828
19,WQ - WK,delta_nll,0.001704629510641098,0.0010100306943058967,0.002407961245626211
19,WQ - WK,kl,0.0001429684525646735,9.650654710640083e-05,0.00019324691593283202
19,WQ - WV,delta_nll,-0.007840016856789589,-0.008848297968506813,-0.006850831490010024
19,WQ - WV,kl,-0.0001992195630009519,-0.0002557893902576325,-0.00014108026316534962
19,WK - WV,delta_nll,-0.009544646367430687,-0.01056328029371798,-0.008575463062152266
19,WK - WV,kl,-0.0003421880155656254,-0.00037677733671444004,-0.00030886583808751314
20,WQ - WK,delta_nll,0.0020694155246019363,0.0013907877262681722,0.0026990083511918782
20,WQ - WK,kl,0.00012890822836197913,9.249469107999175e-05,0.0001684251599726849
20,WQ - WV,delta_nll,-0.0037292949855327606,-0.004665741883218289,-0.0028637884184718135
20,WQ - WV,kl,-0.00015319202066166326,-0.0001880423596503533,-0.0001167545893622446
20,WK - WV,delta_nll,-0.005798710510134697,-0.0065629294142127035,-0.005065816501155496
20,WK - WV,kl,-0.0002821002490236424,-0.0003218219773771125,-0.0002463123033976444
21,WQ - WK,delta_nll,0.0077399760484695435,0.006394869461655617,0.009041058737784624
21,WQ - WK,kl,2.3936025172588415e-05,-2.4786939638943296e-05,7.287884977813518e-05
21,WQ - WV,delta_nll,0.008560184389352798,0.006791053432971239,0.010336679872125385
21,WQ - WV,kl,-0.0004776352052431321,-0.0005789865031147201,-0.00039680485501776276
21,WK - WV,delta_nll,0.000820208340883255,-0.0007137340493500232,0.002361312136054038
21,WK - WV,kl,-0.0005015712304157205,-0.0006118737547694764,-0.00041710453097039136
22,WQ - WK,delta_nll,-0.0011926032602787018,-0.002178363315761089,-0.0001472328789532195
22,WQ - WK,kl,8.881191570253577e-05,4.347254143794998e-05,0.000131729946770065
22,WQ - WV,delta_nll,-0.01189742423593998,-0.013049204787239432,-0.01063393452204764
22,WQ - WV,kl,-0.000380419322027592,-0.0004183859259228484,-0.0003420526435093052
22,WK - WV,delta_nll,-0.010704820975661278,-0.011884932266548276,-0.009561661724001169
22,WK - WV,kl,-0.00046923123773012776,-0.0005191876392018457,-0.00041712870802257385
23,WQ - WK,delta_nll,-0.0014138463884592056,-0.0020204449072480203,-0.0007687789388000984
23,WQ - WK,kl,-0.00013105262314638821,-0.00016737834134801234,-9.848485465226991e-05
23,WQ - WV,delta_nll,0.0022109504789114,0.0015710266306996346,0.00284386808052659
23,WQ - WV,kl,-0.0007952515506985947,-0.0008480461519184245,-0.0007449653498269982
23,WK - WV,delta_nll,0.0036247968673706055,0.00276905857026577,0.004477969370782375
23,WK - WV,kl,-0.0006641989275522064,-0.0007205954563232808,-0.0006094227331232106
24,WQ - WK,delta_nll,0.0031605958938598633,0.0025472182780504225,0.0037657894194126126
24,WQ - WK,kl,0.00013886815213481896,0.00010175011943829304,0.00017793077022361102
24,WQ - WV,delta_nll,0.00556977279484272,0.004639410926029086,0.00653441329486668
24,WQ - WV,kl,-0.0006265941647143336,-0.0006862058854039787,-0.0005661262703142711
24,WK - WV,delta_nll,0.0024091769009828568,0.0015828378032892942,0.0032468418590724463
24,WK - WV,kl,-0.0007654623168491526,-0.0008371267242182512,-0.0006960761185382581
25,WQ - WK,delta_nll,-0.0015849582850933075,-0.0020541922189295293,-0.0010979127138853082
25,WQ - WK,kl,-6.467190814873902e-05,-8.867105580065982e-05,-4.1254236930399205e-05
25,WQ - WV,delta_nll,-0.0005207844078540802,-0.0010337702929973601,8.584558963775627e-06
25,WQ - WV,kl,-2.9085830647090916e-05,-5.681874627043726e-05,1.5227300082187247e-06
25,WK - WV,delta_nll,0.0010641738772392273,0.000546402670443058,0.001586608402431011
25,WK - WV,kl,3.5586077501648106e-05,8.583152225583036e-06,6.16867122516851e-05
26,WQ - WK,delta_nll,-0.00040454789996147156,-0.0008959936909377575,8.763968944549488e-05
26,WQ - WK,kl,-5.992372189211892e-05,-7.788665163843689e-05,-4.353782665020848e-05
26,WQ - WV,delta_nll,0.00045289285480976105,2.382672391831875e-05,0.0008835875429213046
26,WQ - WV,kl,-0.00025825653847277863,-0.0003027995291404295,-0.00022110687298209088
26,WK - WV,delta_nll,0.0008574407547712326,0.00035613714717328546,0.001342268474400043
26,WK - WV,kl,-0.0001983328165806597,-0.00023092305743830366,-0.00016797568605397836
27,WQ - WK,delta_nll,0.00018138624727725983,-0.00027279085479676725,0.0006357028614729639
27,WQ - WK,kl,-2.451814816595288e-05,-4.7478995793426296e-05,-5.211909683566819e-06
27,WQ - WV,delta_nll,0.0027407705783843994,0.0021297816187143327,0.003352842945605516
27,WQ - WV,kl,-9.794583638722543e-05,-0.00011311475218462874,-8.221489376865067e-05
27,WK - WV,delta_nll,0.0025593843311071396,0.0019220180809497833,0.003231683326885104
27,WK - WV,kl,-7.342768822127255e-05,-9.753581898621632e-05,-4.528392489646652e-05
28,WQ - WK,delta_nll,0.0006309002637863159,6.365654990077018e-05,0.0011992621235549443
28,WQ - WK,kl,-0.00047511366665276,-0.0005236004415110074,-0.0004264350154471687
28,WQ - WV,delta_nll,-0.007507713511586189,-0.008202090673148633,-0.006840956117957831
28,WQ - WV,kl,-0.00011645712675090181,-0.00013135131357557838,-0.00010139135310964778
28,WK - WV,delta_nll,-0.008138613775372505,-0.008888364583253861,-0.007384236250072718
28,WK - WV,kl,0.0003586565399018582,0.00031253957761236963,0.00040410693870853717
29,WQ - WK,delta_nll,-4.276260733604431e-05,-0.0004969497211277484,0.00046268608421087224
29,WQ - WK,kl,-8.731823982088827e-05,-0.00011355759154412226,-6.451103231484013e-05
29,WQ - WV,delta_nll,0.0021476242691278458,0.0017042647115886212,0.002585403388366103
29,WQ - WV,kl,-0.0001114203287215787,-0.0001338706571914372,-9.06836627791563e-05
29,WK - WV,delta_nll,0.00219038687646389,0.0017498054075986147,0.002618870511651039
29,WK - WV,kl,-2.4102088900690433e-05,-5.235841106241423e-05,5.016455475015373e-06
30,WQ - WK,delta_nll,-0.0013125091791152954,-0.001788534689694643,-0.0008386910893023015
30,WQ - WK,kl,-0.00020003584631922422,-0.00022335124861001533,-0.00017750296733538566
30,WQ - WV,delta_nll,-0.007197549566626549,-0.007835949072614312,-0.006536848936229945
30,WQ - WV,kl,-0.0002160065032512648,-0.00023724191112250992,-0.00019338252125180588
30,WK - WV,delta_nll,-0.005885040387511253,-0.006567342951893806,-0.005145098129287363
30,WK - WV,kl,-1.5970656932040583e-05,-3.947341563161899e-05,9.043395289154431e-06
31,WQ - WK,delta_nll,0.0038533397018909454,0.0032708266749978065,0.004435656126588582
31,WQ - WK,kl,-0.0006455685788750998,-0.0007195885845703743,-0.0005786641903114287
31,WQ - WV,delta_nll,0.0013656020164489746,0.0008806629106402397,0.0018521074205636976
31,WQ - WV,kl,3.555599869287107e-05,5.9146930425413306e-06,6.780854396311042e-05
31,WK - WV,delta_nll,-0.002487737685441971,-0.003023888636380434,-0.0019593824632465843
31,WK - WV,kl,0.0006811245775679708,0.0006086195515763393,0.0007603306679584421
32,WQ - WK,delta_nll,-0.016925916075706482,-0.019329989235848187,-0.014922809135168793
32,WQ - WK,kl,-0.0004135373110329965,-0.00045769472710617266,-0.00037294984840627874
32,WQ - WV,delta_nll,0.0012337546795606613,0.0004167212173342705,0.002026771754026412
32,WQ - WV,kl,-3.774147535295924e-05,-5.239197889750358e-05,-2.1914811281931185e-05
32,WK - WV,delta_nll,0.018159670755267143,0.016144622722640632,0.02038109288550913
32,WK - WV,kl,0.00037579583568003727,0.00033524306825256646,0.00042318900982536435
33,WQ - WK,delta_nll,-0.0013324152678251266,-0.002108365297317505,-0.0005822314880788336
33,WQ - WK,kl,-0.000245212368099601,-0.00029761199405129444,-0.00019432664228133948
33,WQ - WV,delta_nll,-0.0010676197707653046,-0.0017853792756795882,-0.00040440401062369347
33,WQ - WV,kl,0.00016697673618182307,0.00013057241581009292,0.0002049113239536382
33,WK - WV,delta_nll,0.0002647954970598221,-0.00041804448701441286,0.0009631098713725803
33,WK - WV,kl,0.0004121891042814241,0.00036991502086038965,0.00045889491275374883
34,WQ - WK,delta_nll,0.010464726015925407,0.008827590383589268,0.012112827878445385
34,WQ - WK,kl,-0.0002478025462551159,-0.0002808582763464074,-0.00021856901119008402
34,WQ - WV,delta_nll,0.007556771859526634,0.005998315894976259,0.009135201340541244
34,WQ - WV,kl,-9.99473058982403e-05,-0.00012438172116162604,-7.433518514972094e-05
34,WK - WV,delta_nll,-0.002907954156398773,-0.00373706566169858,-0.0020671521313488485
34,WK - WV,kl,0.00014785524035687558,0.00011302997336315457,0.00018495227202492968
35,WQ - WK,delta_nll,0.0033261850476264954,0.002781177870929241,0.0038844239898025985
35,WQ - WK,kl,5.490339162861346e-05,4.680236121430425e-05,6.339497745102562e-05
35,WQ - WV,delta_nll,0.01067870482802391,0.009909784235060216,0.011427531763911248
35,WQ - WV,kl,-0.0003615304058257607,-0.000379626417907275,-0.0003442760766347419
35,WK - WV,delta_nll,0.007352519780397415,0.006693820841610432,0.007965879421681166
35,WK - WV,kl,-0.00041643379745437414,-0.00043348752003566913,-0.0003994561346758019
